review_uid,destination,source,language_review,stars,date,text_clean,polaridad_sugerida,aspecto_sugerido,motivo_minado,score_minado,prioridad_anotacion
gm_1fc3c6ced521e710,Ciudadela de Kuélap,Google Maps,es,5,2023-01-07T13:16:41.097Z,"Es un hermoso lugar lleno de historia, pero es una lástima que ahora solo se pueda llegar hasta un muro caído y nada más, es lamentable que dentro de la zona arqueológica exista comercios informales, construcciones que no son acordes a la arquitectura del lugar, que ocasionan mucha contaminación visual y también acústica, por la música a volumen alto y por la emisión de humos y olores fuertes en zona frontal de los muros prehispánicos.",negativo,atractivos,"estrellas=5 | neg_sutil:lastima,una lastima,lamentable | conector:pero",0.833,alta
gm_1fc3c6ced521e710,Ciudadela de Kuélap,Google Maps,es,5,2023-01-07T13:16:41.097Z,"Es un hermoso lugar lleno de historia, pero es una lástima que ahora solo se pueda llegar hasta un muro caído y nada más, es lamentable que dentro de la zona arqueológica exista comercios informales, construcciones que no son acordes a la arquitectura del lugar, que ocasionan mucha contaminación visual y también acústica, por la música a volumen alto y por la emisión de humos y olores fuertes en zona frontal de los muros prehispánicos.",negativo,accesibilidad,"estrellas=5 | neg_sutil:lastima,una lastima,lamentable | conector:pero",0.833,alta
gm_5b9dc734b57ea8a1,Santuario Histórico de Machu Picchu,Google Maps,en,3,2026-04-06T12:49:22.751Z,"Machu Picchu itself is certainly an impressive archeological site. The price (entry ticket per circuit 152S, resp. 50$) is very high in my regards, especially since there is zero information given on the site itself. Further all means of transport are overpriced compared to the rest of Peru and there is no alternative. Overall a nice experience, but felt overpriced, without any reasonable alternative for means of transport, too little/no information and thus a overrated.",negativo,costos,"estrellas=3 | neg_sutil:overrated,no information | conector:but",0.75,alta
gm_5b9dc734b57ea8a1,Santuario Histórico de Machu Picchu,Google Maps,en,3,2026-04-06T12:49:22.751Z,"Machu Picchu itself is certainly an impressive archeological site. The price (entry ticket per circuit 152S, resp. 50$) is very high in my regards, especially since there is zero information given on the site itself. Further all means of transport are overpriced compared to the rest of Peru and there is no alternative. Overall a nice experience, but felt overpriced, without any reasonable alternative for means of transport, too little/no information and thus a overrated.",negativo,accesibilidad,"estrellas=3 | neg_sutil:overrated,no information | conector:but",0.75,alta
gm_5b9dc734b57ea8a1,Santuario Histórico de Machu Picchu,Google Maps,en,3,2026-04-06T12:49:22.751Z,"Machu Picchu itself is certainly an impressive archeological site. The price (entry ticket per circuit 152S, resp. 50$) is very high in my regards, especially since there is zero information given on the site itself. Further all means of transport are overpriced compared to the rest of Peru and there is no alternative. Overall a nice experience, but felt overpriced, without any reasonable alternative for means of transport, too little/no information and thus a overrated.",negativo,atencion_servicio,"estrellas=3 | neg_sutil:overrated,no information | conector:but",0.75,alta
gm_6f306e508dc373a8,Santuario Histórico de Machu Picchu,Google Maps,en,1,2024-12-03T15:28:58.404Z,"It’s an overpopulated tourist trap. Out of the 2,5 hours I was waiting for 2 hours on instagram addicts taking the same selfie everyone else also has. The guide told very basic stories which is not worth your money. You might as well go to Disneyland and stand in line all day. Better take route 4 and hike up Huayna Picchu by yourself. Probably one of the worst ancient temples I’ve visited in Latin America.",negativo,atractivos,"estrellas=1 | neg_sutil:tourist trap,not worth",0.667,alta
gm_6f306e508dc373a8,Santuario Histórico de Machu Picchu,Google Maps,en,1,2024-12-03T15:28:58.404Z,"It’s an overpopulated tourist trap. Out of the 2,5 hours I was waiting for 2 hours on instagram addicts taking the same selfie everyone else also has. The guide told very basic stories which is not worth your money. You might as well go to Disneyland and stand in line all day. Better take route 4 and hike up Huayna Picchu by yourself. Probably one of the worst ancient temples I’ve visited in Latin America.",negativo,costos,"estrellas=1 | neg_sutil:tourist trap,not worth",0.667,alta
gm_6f306e508dc373a8,Santuario Histórico de Machu Picchu,Google Maps,en,1,2024-12-03T15:28:58.404Z,"It’s an overpopulated tourist trap. Out of the 2,5 hours I was waiting for 2 hours on instagram addicts taking the same selfie everyone else also has. The guide told very basic stories which is not worth your money. You might as well go to Disneyland and stand in line all day. Better take route 4 and hike up Huayna Picchu by yourself. Probably one of the worst ancient temples I’ve visited in Latin America.",negativo,accesibilidad,"estrellas=1 | neg_sutil:tourist trap,not worth",0.667,alta
gm_ce860b6b852f93c2,Santuario Histórico de Machu Picchu,Google Maps,en,1,2023-06-06T13:48:59.208Z,"Be aware that the price of the ticket and attitude of the object management is awful. Price is much more than for other wonderful sites like collosum, Piza tower, neushwenstein etc. You can pick only one of available circuits. In our (4th) circuit you additionally had to choose between seeing hall of mirrors and temple of kondor... The view of course is beautiful. But imo mountains are better. No information boards available. Toilets, bus service, luggage storage additionally paid",negativo,atractivos,estrellas=1 | neg_sutil:no information | conector:but,0.667,alta
gm_ce860b6b852f93c2,Santuario Histórico de Machu Picchu,Google Maps,en,1,2023-06-06T13:48:59.208Z,"Be aware that the price of the ticket and attitude of the object management is awful. Price is much more than for other wonderful sites like collosum, Piza tower, neushwenstein etc. You can pick only one of available circuits. In our (4th) circuit you additionally had to choose between seeing hall of mirrors and temple of kondor... The view of course is beautiful. But imo mountains are better. No information boards available. Toilets, bus service, luggage storage additionally paid",negativo,costos,estrellas=1 | neg_sutil:no information | conector:but,0.667,alta
gm_ce860b6b852f93c2,Santuario Histórico de Machu Picchu,Google Maps,en,1,2023-06-06T13:48:59.208Z,"Be aware that the price of the ticket and attitude of the object management is awful. Price is much more than for other wonderful sites like collosum, Piza tower, neushwenstein etc. You can pick only one of available circuits. In our (4th) circuit you additionally had to choose between seeing hall of mirrors and temple of kondor... The view of course is beautiful. But imo mountains are better. No information boards available. Toilets, bus service, luggage storage additionally paid",negativo,accesibilidad,estrellas=1 | neg_sutil:no information | conector:but,0.667,alta
gm_a31b99bb24a87b8c,Complejo Arqueológico Chan Chan,Google Maps,es,5,2024-01-13T17:49:20.344Z,"Interesante para conocer más sobre la historia de nuestro Perú. Pude conocer el museo, el cual toma 20-30 minutos de recorrido, y luego la ciudadela. El precio que pagas al ingresar te permite visitar ambos lugares. Sobre el museo, puedes visitarlo con o sin guía (precio adicional). En mi caso recorrí el museo con mi pareja por nuestra cuenta, pero para la ciudadela sí contratamos una guía por un precio adicional (s/ 60). Ojo que la distancia entre el museo y la ciudadela es aprox. entre 5-7 minutos en auto, pero pueden ir caminando, aunque el sol es intenso en enero. Sobre el costo, yo fui con mi pareja, pero pueden juntarse entre más personas y pagar menos si se dividen el costo. Me tocó una guía amena, así que disfrutamos conociendo la historia del lugar. ¡Muy entretenido! Solo es una lástima que aún no se conozca toda la ciudadela, como las tumbas (siguen estudiándola). Aún así, recomiendo visitar porque está cerca del centro de Trujillo.",negativo,atractivos,"estrellas=5 | neg_sutil:lastima,una lastima | conector:pero,aunque",0.583,alta
gm_a31b99bb24a87b8c,Complejo Arqueológico Chan Chan,Google Maps,es,5,2024-01-13T17:49:20.344Z,"Interesante para conocer más sobre la historia de nuestro Perú. Pude conocer el museo, el cual toma 20-30 minutos de recorrido, y luego la ciudadela. El precio que pagas al ingresar te permite visitar ambos lugares. Sobre el museo, puedes visitarlo con o sin guía (precio adicional). En mi caso recorrí el museo con mi pareja por nuestra cuenta, pero para la ciudadela sí contratamos una guía por un precio adicional (s/ 60). Ojo que la distancia entre el museo y la ciudadela es aprox. entre 5-7 minutos en auto, pero pueden ir caminando, aunque el sol es intenso en enero. Sobre el costo, yo fui con mi pareja, pero pueden juntarse entre más personas y pagar menos si se dividen el costo. Me tocó una guía amena, así que disfrutamos conociendo la historia del lugar. ¡Muy entretenido! Solo es una lástima que aún no se conozca toda la ciudadela, como las tumbas (siguen estudiándola). Aún así, recomiendo visitar porque está cerca del centro de Trujillo.",negativo,costos,"estrellas=5 | neg_sutil:lastima,una lastima | conector:pero,aunque",0.583,alta
gm_a31b99bb24a87b8c,Complejo Arqueológico Chan Chan,Google Maps,es,5,2024-01-13T17:49:20.344Z,"Interesante para conocer más sobre la historia de nuestro Perú. Pude conocer el museo, el cual toma 20-30 minutos de recorrido, y luego la ciudadela. El precio que pagas al ingresar te permite visitar ambos lugares. Sobre el museo, puedes visitarlo con o sin guía (precio adicional). En mi caso recorrí el museo con mi pareja por nuestra cuenta, pero para la ciudadela sí contratamos una guía por un precio adicional (s/ 60). Ojo que la distancia entre el museo y la ciudadela es aprox. entre 5-7 minutos en auto, pero pueden ir caminando, aunque el sol es intenso en enero. Sobre el costo, yo fui con mi pareja, pero pueden juntarse entre más personas y pagar menos si se dividen el costo. Me tocó una guía amena, así que disfrutamos conociendo la historia del lugar. ¡Muy entretenido! Solo es una lástima que aún no se conozca toda la ciudadela, como las tumbas (siguen estudiándola). Aún así, recomiendo visitar porque está cerca del centro de Trujillo.",negativo,accesibilidad,"estrellas=5 | neg_sutil:lastima,una lastima | conector:pero,aunque",0.583,alta
gm_2157d21ce15cb1c2,Museo Tumbas Reales del Señor de Sipán,Google Maps,es,5,2018-01-10T11:35:13.142Z,"Lindo lugar para conocer del esfuerzo del hombre por preservar una cultura como la mochica. No se pueden tomar fotos al interior y ello es una lástima pero lo q se ve es muy bonito, en atención al trabajo arqueológico",negativo,atractivos,"estrellas=5 | neg_sutil:lastima,una lastima | conector:pero",0.583,alta
gm_2157d21ce15cb1c2,Museo Tumbas Reales del Señor de Sipán,Google Maps,es,5,2018-01-10T11:35:13.142Z,"Lindo lugar para conocer del esfuerzo del hombre por preservar una cultura como la mochica. No se pueden tomar fotos al interior y ello es una lástima pero lo q se ve es muy bonito, en atención al trabajo arqueológico",negativo,atencion_servicio,"estrellas=5 | neg_sutil:lastima,una lastima | conector:pero",0.583,alta
gm_1d267f21183b0ab4,Museo de Sitio Huaca Pucllana,Google Maps,en,4,2019-11-09T07:48:53.618Z,"Good experience, but maybe not worth its own visit but a sure thing if you are in the area.",negativo,costos,"estrellas=4 | neg_sutil:not worth,not worth it | conector:but",0.583,alta
gm_0846b0ec868d7ed5,Santuario Histórico de Machu Picchu,Google Maps,en,5,2024-09-30T22:50:54.486Z,"Incredible! Unfortunately first day I went it was foggy and rained. Next day was sunny and beautiful. Don’t do Gran Caverna, not worth it. Make sure to do Circuit 1 or 2 to get the classic view.",negativo,atractivos,"estrellas=5 | neg_sutil:not worth,not worth it | conector:unfortunately",0.583,alta
gm_0846b0ec868d7ed5,Santuario Histórico de Machu Picchu,Google Maps,en,5,2024-09-30T22:50:54.486Z,"Incredible! Unfortunately first day I went it was foggy and rained. Next day was sunny and beautiful. Don’t do Gran Caverna, not worth it. Make sure to do Circuit 1 or 2 to get the classic view.",negativo,costos,"estrellas=5 | neg_sutil:not worth,not worth it | conector:unfortunately",0.583,alta
gm_2d94d59497d21a3f,Santuario Histórico de Machu Picchu,Google Maps,en,4,2026-04-15T19:00:44.547Z,"Just like for the most of people, Machu Picchu was on my bucket list, because I started planning the trip a bit late, tickets to actually enter Machu Picchu were sold out already and I did circuit 1 with the famous view from the terrace. It was definitely cool to see, but I have to admit that I was a bit disappointed. The whole trek was very short from start to finish and when you factor all the expenses to actually see it, the crowds, waiting time, it felt a bit flat for the price. Overall Machu Picchu is worth a visit, but it's the definition of a tourist trap. Be sure to plan everything beforehand and you should have a better experience.",negativo,atractivos,"estrellas=4 | neg_sutil:tourist trap,disappointed | conector:but",0.583,alta
gm_2d94d59497d21a3f,Santuario Histórico de Machu Picchu,Google Maps,en,4,2026-04-15T19:00:44.547Z,"Just like for the most of people, Machu Picchu was on my bucket list, because I started planning the trip a bit late, tickets to actually enter Machu Picchu were sold out already and I did circuit 1 with the famous view from the terrace. It was definitely cool to see, but I have to admit that I was a bit disappointed. The whole trek was very short from start to finish and when you factor all the expenses to actually see it, the crowds, waiting time, it felt a bit flat for the price. Overall Machu Picchu is worth a visit, but it's the definition of a tourist trap. Be sure to plan everything beforehand and you should have a better experience.",negativo,costos,"estrellas=4 | neg_sutil:tourist trap,disappointed | conector:but",0.583,alta
gm_2d94d59497d21a3f,Santuario Histórico de Machu Picchu,Google Maps,en,4,2026-04-15T19:00:44.547Z,"Just like for the most of people, Machu Picchu was on my bucket list, because I started planning the trip a bit late, tickets to actually enter Machu Picchu were sold out already and I did circuit 1 with the famous view from the terrace. It was definitely cool to see, but I have to admit that I was a bit disappointed. The whole trek was very short from start to finish and when you factor all the expenses to actually see it, the crowds, waiting time, it felt a bit flat for the price. Overall Machu Picchu is worth a visit, but it's the definition of a tourist trap. Be sure to plan everything beforehand and you should have a better experience.",negativo,accesibilidad,"estrellas=4 | neg_sutil:tourist trap,disappointed | conector:but",0.583,alta
gm_a9c4e0cb0b75cb79,Santuario Histórico de Machu Picchu,Google Maps,en,3,2026-01-10T00:57:25.646Z,"I’m glad that I didn’t go out of my way to get here, otherwise I would have been more disappointed. The fact that I’ve been to Machu Picchu is probably more significant than the experience itself. Machu Picchu is culturally important and iconic, but visually underwhelming — more a symbol than a truly awe-inspiring place.",negativo,atractivos,"estrellas=3 | neg_sutil:underwhelming,disappointed | conector:but",0.583,alta
gm_e5d9fa8a2bde3412,Valle del Colca,Google Maps,es,3,2023-05-24T20:18:11.281Z,"Sigue bonito aunque muchos lugares buenos anteriores fueron cerrados como por ejemplo un restaurante de buffet al frente del hotel casa andina y otros, es una lastima realmente, esperemos que mejoren las cosas con el pasar de los meses",negativo,atractivos,"estrellas=3 | neg_sutil:lastima,una lastima | conector:aunque",0.583,alta
gm_1ec32b6ce7c8bcc1,Circuito Mágico del Agua,Google Maps,en,5,2018-05-10T06:35:46.791Z,"Great place to walk around and get some great pictures. I recommend getting to this place on your own unless you absolutely need to have a tour guide. Entry fee is only 4 soles ($1.33 roughly) so those costly tours are not worth it, all I saw was people getting herded around the park. This is a park where you can take your time and let it all soak in.",negativo,atractivos,"estrellas=5 | neg_sutil:not worth,not worth it",0.5,alta
gm_1ec32b6ce7c8bcc1,Circuito Mágico del Agua,Google Maps,en,5,2018-05-10T06:35:46.791Z,"Great place to walk around and get some great pictures. I recommend getting to this place on your own unless you absolutely need to have a tour guide. Entry fee is only 4 soles ($1.33 roughly) so those costly tours are not worth it, all I saw was people getting herded around the park. This is a park where you can take your time and let it all soak in.",negativo,costos,"estrellas=5 | neg_sutil:not worth,not worth it",0.5,alta
gm_1ec32b6ce7c8bcc1,Circuito Mágico del Agua,Google Maps,en,5,2018-05-10T06:35:46.791Z,"Great place to walk around and get some great pictures. I recommend getting to this place on your own unless you absolutely need to have a tour guide. Entry fee is only 4 soles ($1.33 roughly) so those costly tours are not worth it, all I saw was people getting herded around the park. This is a park where you can take your time and let it all soak in.",negativo,accesibilidad,"estrellas=5 | neg_sutil:not worth,not worth it",0.5,alta
gm_c406de8b96950ad0,Circuito Mágico del Agua,Google Maps,en,5,2024-03-26T16:30:47.736Z,"Excellent park to spend some quality hours with family. Recomendable for kids to play with water fountains. Ice skating facility is overrated and lack of knee and elbow protection. Not reccomended. The show of lights is interesting and varies from time to time. Outside the park, there are several street restaurants... A BIT more expensive than normal street food places but not extremely high. Reccomended!",negativo,atractivos,estrellas=5 | neg_sutil:overrated | conector:but,0.5,alta
gm_c406de8b96950ad0,Circuito Mágico del Agua,Google Maps,en,5,2024-03-26T16:30:47.736Z,"Excellent park to spend some quality hours with family. Recomendable for kids to play with water fountains. Ice skating facility is overrated and lack of knee and elbow protection. Not reccomended. The show of lights is interesting and varies from time to time. Outside the park, there are several street restaurants... A BIT more expensive than normal street food places but not extremely high. Reccomended!",negativo,costos,estrellas=5 | neg_sutil:overrated | conector:but,0.5,alta
gm_c406de8b96950ad0,Circuito Mágico del Agua,Google Maps,en,5,2024-03-26T16:30:47.736Z,"Excellent park to spend some quality hours with family. Recomendable for kids to play with water fountains. Ice skating facility is overrated and lack of knee and elbow protection. Not reccomended. The show of lights is interesting and varies from time to time. Outside the park, there are several street restaurants... A BIT more expensive than normal street food places but not extremely high. Reccomended!",negativo,accesibilidad,estrellas=5 | neg_sutil:overrated | conector:but,0.5,alta
gm_42b2f4ce664a96bc,Huacas del Sol y de la Luna,Google Maps,es,4,2019-02-23T15:13:00.523Z,"Qué pena desdé que ya no está el Dr. Uceda está en un estado de abandono, tal pareciera que el Dr. llevó todo a la tumba, no hay interés de parte del ministerio de la cultura por hacer algo por su conservación, es una lástima que no se valoré la labor tan grande que se hizo con un gran equipo de gente que hicieron posible que se pueda visitar ahora, es importante valorar a nuestras culturas ancestrales, conocer nuestros orígenes, de allí se saca mucha enseñanza, cuanto nos falta aprender realmente, los trabajos que se realizaron allí son invaluables, lo recomiendo.",negativo,atractivos,"estrellas=4 | neg_sutil:lastima,una lastima",0.5,alta
gm_9819f0ca698a083f,Huacas del Sol y de la Luna,Google Maps,es,4,2024-04-11T19:39:59.633Z,"Es increíble lo bien conservado que está, sobretodo los colores de los murales. Es una lástima que no exista más inversión para la cultura!",negativo,atractivos,"estrellas=4 | neg_sutil:lastima,una lastima",0.5,alta
gm_e25166b6a4b1e0cb,Huacas del Sol y de la Luna,Google Maps,es,5,2025-02-27T19:01:03.617Z,"Todo espectacular. Excepto a la hora de pagar no existe medios de pago, solo efectivo como los Moches. Otra opción te llevan al cuarto de sacrificio (kiosko, te obligan a comprar algo con yape más la entrada)",negativo,atractivos,"estrellas=5 | neg_sutil:te obligan,obligan a",0.5,alta
gm_e25166b6a4b1e0cb,Huacas del Sol y de la Luna,Google Maps,es,5,2025-02-27T19:01:03.617Z,"Todo espectacular. Excepto a la hora de pagar no existe medios de pago, solo efectivo como los Moches. Otra opción te llevan al cuarto de sacrificio (kiosko, te obligan a comprar algo con yape más la entrada)",negativo,costos,"estrellas=5 | neg_sutil:te obligan,obligan a",0.5,alta
gm_6a53851a9234291b,Parque Arqueológico de Sacsayhuamán,Google Maps,en,1,2024-08-05T17:33:29.041Z,"70 Soles per person to enter, in good shape but a tourist trap",negativo,costos,estrellas=1 | neg_sutil:tourist trap | conector:but,0.5,alta
gm_166112498f52340b,Santuario Histórico de Machu Picchu,Google Maps,en,5,2024-10-01T19:56:56.819Z,Everyone must go to this wonderful place at least once in their life. Amazing experience. Go take the bus up and down the walk is not worth it and you will thank your legs later.,negativo,atractivos,"estrellas=5 | neg_sutil:not worth,not worth it",0.5,alta
gm_166112498f52340b,Santuario Histórico de Machu Picchu,Google Maps,en,5,2024-10-01T19:56:56.819Z,Everyone must go to this wonderful place at least once in their life. Amazing experience. Go take the bus up and down the walk is not worth it and you will thank your legs later.,negativo,costos,"estrellas=5 | neg_sutil:not worth,not worth it",0.5,alta
gm_166112498f52340b,Santuario Histórico de Machu Picchu,Google Maps,en,5,2024-10-01T19:56:56.819Z,Everyone must go to this wonderful place at least once in their life. Amazing experience. Go take the bus up and down the walk is not worth it and you will thank your legs later.,negativo,accesibilidad,"estrellas=5 | neg_sutil:not worth,not worth it",0.5,alta
gm_1e588a7d345515dc,Santuario Histórico de Machu Picchu,Google Maps,en,5,2022-10-03T20:44:23.651Z,"Machu Picchu was a definite fantastic experience for me. Granted, I had to make a reservation months in advance, because there is limited entrance per day, per hour, but totally worth every hassle. transportation and mild inconvenience. Tips: The Machu Picchu Train with the glass ceiling and show is totally NOT worth the extra money. I went one way the expensive option and got roasted by the sun glazing through, and the way back was much cheaper and less sunny. You can still appreciate the view of the andes for half the price.",negativo,atractivos,estrellas=5 | neg_sutil:not worth | conector:but,0.5,alta
gm_1e588a7d345515dc,Santuario Histórico de Machu Picchu,Google Maps,en,5,2022-10-03T20:44:23.651Z,"Machu Picchu was a definite fantastic experience for me. Granted, I had to make a reservation months in advance, because there is limited entrance per day, per hour, but totally worth every hassle. transportation and mild inconvenience. Tips: The Machu Picchu Train with the glass ceiling and show is totally NOT worth the extra money. I went one way the expensive option and got roasted by the sun glazing through, and the way back was much cheaper and less sunny. You can still appreciate the view of the andes for half the price.",negativo,costos,estrellas=5 | neg_sutil:not worth | conector:but,0.5,alta
gm_1e588a7d345515dc,Santuario Histórico de Machu Picchu,Google Maps,en,5,2022-10-03T20:44:23.651Z,"Machu Picchu was a definite fantastic experience for me. Granted, I had to make a reservation months in advance, because there is limited entrance per day, per hour, but totally worth every hassle. transportation and mild inconvenience. Tips: The Machu Picchu Train with the glass ceiling and show is totally NOT worth the extra money. I went one way the expensive option and got roasted by the sun glazing through, and the way back was much cheaper and less sunny. You can still appreciate the view of the andes for half the price.",negativo,accesibilidad,estrellas=5 | neg_sutil:not worth | conector:but,0.5,alta
gm_f3259f7325f91df2,Circuito Mágico del Agua,Google Maps,en,4,2017-12-23T14:00:58.024Z,"Great light show, cheap to enter. But 0.50 soles to use the bathroom which were disgusting with no consumables was terrible. Other than that a pleasure to walk around.",negativo,atractivos,estrellas=4 | neg_sutil: | conector:but,0.417,media
gm_f3259f7325f91df2,Circuito Mágico del Agua,Google Maps,en,4,2017-12-23T14:00:58.024Z,"Great light show, cheap to enter. But 0.50 soles to use the bathroom which were disgusting with no consumables was terrible. Other than that a pleasure to walk around.",negativo,costos,estrellas=4 | neg_sutil: | conector:but,0.417,media
gm_f3259f7325f91df2,Circuito Mágico del Agua,Google Maps,en,4,2017-12-23T14:00:58.024Z,"Great light show, cheap to enter. But 0.50 soles to use the bathroom which were disgusting with no consumables was terrible. Other than that a pleasure to walk around.",negativo,accesibilidad,estrellas=4 | neg_sutil: | conector:but,0.417,media
gm_17e3dc13707b8eb6,Complejo Arqueológico Chan Chan,Google Maps,es,4,2022-06-23T19:22:36.863Z,"Este museo guarda algunas muestras de la ceramica, textileria y orfebreria encontradas en la ciudadela de Chan Chan, lastimosamente debido al terrible saqueo y destruccion de la ciudadela desde tiempos de la conquista, no es tan impresionante como los museos Tumbas Reales, Bruning o el Brujo, pero sirve para dar al visitante una mirada a como fue la vida de los habitantes de este hermoso complejo.",negativo,atractivos,estrellas=4 | neg_sutil: | conector:pero,0.417,media
gm_94ad21674c8cc897,Líneas y Geoglifos de Nasca y Palpa,Google Maps,es,5,2018-07-11T14:21:48.486Z,"Hermoso viaje, aunque el mareo es terrible",negativo,atractivos,estrellas=5 | neg_sutil: | conector:aunque,0.417,media
gm_f05cdae10360ce00,Líneas y Geoglifos de Nasca y Palpa,Google Maps,es,4,2016-06-18T14:08:09.777Z,"Increibles, lastima que el vuelo sea tan costoso para poder apreciarlas todas",negativo,atractivos,estrellas=4 | neg_sutil:lastima,0.417,media
gm_f05cdae10360ce00,Líneas y Geoglifos de Nasca y Palpa,Google Maps,es,4,2016-06-18T14:08:09.777Z,"Increibles, lastima que el vuelo sea tan costoso para poder apreciarlas todas",negativo,costos,estrellas=4 | neg_sutil:lastima,0.417,media
gm_c32b461e5c969d5b,Museo de Sitio Huaca Pucllana,Google Maps,en,3,2026-05-07T00:43:02.904Z,"The archaeological site itself was honestly very impressive and absolutely worth visiting. You can really feel the importance of the place, and the ruins are beautifully preserved. Unfortunately, the guided tour didn’t quite match the quality of the site itself. Our local guide seemed a bit disengaged and gave very limited historical information in English. Most of the tour felt like simply moving from one point to another without much storytelling, interesting context, or those little fun facts that usually make places like this come alive. It wasn’t terrible, just surprisingly flat for such a fascinating location. We actually ended up leaving before the tour finished because it became hard to stay engaged. That said, I would still absolutely recommend visiting the site itself, it’s genuinely impressive and worth seeing. I’d just suggest doing a little reading beforehand to appreciate the history.",negativo,atractivos,estrellas=3 | neg_sutil: | conector:unfortunately,0.417,media
gm_c32b461e5c969d5b,Museo de Sitio Huaca Pucllana,Google Maps,en,3,2026-05-07T00:43:02.904Z,"The archaeological site itself was honestly very impressive and absolutely worth visiting. You can really feel the importance of the place, and the ruins are beautifully preserved. Unfortunately, the guided tour didn’t quite match the quality of the site itself. Our local guide seemed a bit disengaged and gave very limited historical information in English. Most of the tour felt like simply moving from one point to another without much storytelling, interesting context, or those little fun facts that usually make places like this come alive. It wasn’t terrible, just surprisingly flat for such a fascinating location. We actually ended up leaving before the tour finished because it became hard to stay engaged. That said, I would still absolutely recommend visiting the site itself, it’s genuinely impressive and worth seeing. I’d just suggest doing a little reading beforehand to appreciate the history.",negativo,costos,estrellas=3 | neg_sutil: | conector:unfortunately,0.417,media
gm_c32b461e5c969d5b,Museo de Sitio Huaca Pucllana,Google Maps,en,3,2026-05-07T00:43:02.904Z,"The archaeological site itself was honestly very impressive and absolutely worth visiting. You can really feel the importance of the place, and the ruins are beautifully preserved. Unfortunately, the guided tour didn’t quite match the quality of the site itself. Our local guide seemed a bit disengaged and gave very limited historical information in English. Most of the tour felt like simply moving from one point to another without much storytelling, interesting context, or those little fun facts that usually make places like this come alive. It wasn’t terrible, just surprisingly flat for such a fascinating location. We actually ended up leaving before the tour finished because it became hard to stay engaged. That said, I would still absolutely recommend visiting the site itself, it’s genuinely impressive and worth seeing. I’d just suggest doing a little reading beforehand to appreciate the history.",negativo,accesibilidad,estrellas=3 | neg_sutil: | conector:unfortunately,0.417,media
gm_15e5edb1b70f539e,Parque Arqueológico de Sacsayhuamán,Google Maps,en,1,2021-11-19T00:23:51.410Z,U need to pay the entrance fees of 4 tourist sites to enter this 1 site. Not worth at all. Only if you want to visit all 4 tourist attractions you can go to this place and purchase ticket. 70 soles for entering this place. No single entry ticket .. worst policies by government.,negativo,atractivos,estrellas=1 | neg_sutil:not worth,0.417,alta
gm_15e5edb1b70f539e,Parque Arqueológico de Sacsayhuamán,Google Maps,en,1,2021-11-19T00:23:51.410Z,U need to pay the entrance fees of 4 tourist sites to enter this 1 site. Not worth at all. Only if you want to visit all 4 tourist attractions you can go to this place and purchase ticket. 70 soles for entering this place. No single entry ticket .. worst policies by government.,negativo,costos,estrellas=1 | neg_sutil:not worth,0.417,alta
gm_15e5edb1b70f539e,Parque Arqueológico de Sacsayhuamán,Google Maps,en,1,2021-11-19T00:23:51.410Z,U need to pay the entrance fees of 4 tourist sites to enter this 1 site. Not worth at all. Only if you want to visit all 4 tourist attractions you can go to this place and purchase ticket. 70 soles for entering this place. No single entry ticket .. worst policies by government.,negativo,accesibilidad,estrellas=1 | neg_sutil:not worth,0.417,alta
gm_ae3413d6aab31f92,Parque Arqueológico de Sacsayhuamán,Google Maps,en,1,2019-05-13T17:52:24.202Z,Not worth for 70 soles .,negativo,costos,estrellas=1 | neg_sutil:not worth,0.417,alta
gm_bdcffc1aac86fb5f,Parque Arqueológico de Sacsayhuamán,Google Maps,en,1,2025-11-27T19:11:17.953Z,You even need a ticket for this stone historical spot… and somehow it’s still boring. I paid to be disappointed.,negativo,atractivos,estrellas=1 | neg_sutil:disappointed,0.417,alta
gm_bdcffc1aac86fb5f,Parque Arqueológico de Sacsayhuamán,Google Maps,en,1,2025-11-27T19:11:17.953Z,You even need a ticket for this stone historical spot… and somehow it’s still boring. I paid to be disappointed.,negativo,costos,estrellas=1 | neg_sutil:disappointed,0.417,alta
gm_1bb8346cfe000951,Santuario Histórico de Machu Picchu,Google Maps,en,3,2022-03-12T11:15:30.365Z,"Disappointing :-( First of all, my experience has nothing to do with the actual site. The view, ruins, landscape and llamas are surreal! My disappointing experience is about the management of the site. I knew it was a touristy place and quite expensive to go. Most places are restricted/controlled and you can't enter inside the temples etc..you can just go around. Apparently a few years ago everything was open (said some friends who went before). And then you have all the tour groups that take a lot of spaces on the path. I almost didn't take any pictures, I didn't feel I had the freedom to do so because the path goes only on one way (so you can't go back on your path) and people are moving so you kind of feel a bit in a tour group without being in it and you kind of have to go forward. I didn't feel free to walk around/take pictures as I would have liked to. And then there are 4 choices of tickets, with different circuits, bit it doesn't give you access to everywhere with only one ticket, so you need to buy another one. This wasn't very cleared on the website. I just find that you put so much effort (physically, mentally and financially) to get there (waking up super early, doing all the trip to get to Aguas Calientes, walking up the (many!) stairs to the entrance, and the cost etc), in the end to leave with a bitter feeling. Is it worth it? I'm still unsure if it was.",negativo,atractivos,estrellas=3 | neg_sutil:disappointing,0.417,media
gm_9dcd7bd96daac8f5,Valle del Colca,Google Maps,en,2,2018-12-15T21:01:40.005Z,"Not worth the journey, view is not spectacular. Too much of a hassle to see a few condors.",negativo,atractivos,estrellas=2 | neg_sutil:not worth,0.417,alta
gm_9dcd7bd96daac8f5,Valle del Colca,Google Maps,en,2,2018-12-15T21:01:40.005Z,"Not worth the journey, view is not spectacular. Too much of a hassle to see a few condors.",negativo,costos,estrellas=2 | neg_sutil:not worth,0.417,alta
gm_ff75e71c505d8535,Valle del Colca,Google Maps,es,2,2024-01-20T19:39:14.657Z,"La verdad no sé porque cobran entrada que varía de 10 a 60 soles sino no brindan un buen servicio hay tramos de carretera en mal estado, se maltrata al turista no le dejan opciones, no he encontrado en la ruta ninguna panadería y eso que el valle produce trigo no da opciones para almorzar solo platos a la carta y buffet.",negativo,atractivos,estrellas=2 | neg_sutil:mal estado,0.417,alta
gm_ff75e71c505d8535,Valle del Colca,Google Maps,es,2,2024-01-20T19:39:14.657Z,"La verdad no sé porque cobran entrada que varía de 10 a 60 soles sino no brindan un buen servicio hay tramos de carretera en mal estado, se maltrata al turista no le dejan opciones, no he encontrado en la ruta ninguna panadería y eso que el valle produce trigo no da opciones para almorzar solo platos a la carta y buffet.",negativo,costos,estrellas=2 | neg_sutil:mal estado,0.417,alta
gm_ff75e71c505d8535,Valle del Colca,Google Maps,es,2,2024-01-20T19:39:14.657Z,"La verdad no sé porque cobran entrada que varía de 10 a 60 soles sino no brindan un buen servicio hay tramos de carretera en mal estado, se maltrata al turista no le dejan opciones, no he encontrado en la ruta ninguna panadería y eso que el valle produce trigo no da opciones para almorzar solo platos a la carta y buffet.",negativo,accesibilidad,estrellas=2 | neg_sutil:mal estado,0.417,alta
gm_0fe7fa6e6f492812,Circuito Mágico del Agua,Google Maps,en,4,2019-04-30T11:38:50.069Z,"Low price, nice show. But little bit overrated",negativo,atractivos,estrellas=4 | neg_sutil:overrated | conector:but,0.333,alta
gm_0fe7fa6e6f492812,Circuito Mágico del Agua,Google Maps,en,4,2019-04-30T11:38:50.069Z,"Low price, nice show. But little bit overrated",negativo,costos,estrellas=4 | neg_sutil:overrated | conector:but,0.333,alta
gm_37cedab8eef0fd69,Circuito Mágico del Agua,Google Maps,en,5,2025-04-28T18:20:08.023Z,"Cheap tourist trap, but definitely worth it for anyone visiting Lima. Believe it or not it can become a romantic fist date. Lots of couples and the park is closed off, so you can roam freely and safely. Get your kiss on... 💋",negativo,atractivos,estrellas=5 | neg_sutil:tourist trap | conector:but,0.333,alta
gm_37cedab8eef0fd69,Circuito Mágico del Agua,Google Maps,en,5,2025-04-28T18:20:08.023Z,"Cheap tourist trap, but definitely worth it for anyone visiting Lima. Believe it or not it can become a romantic fist date. Lots of couples and the park is closed off, so you can roam freely and safely. Get your kiss on... 💋",negativo,costos,estrellas=5 | neg_sutil:tourist trap | conector:but,0.333,alta
gm_829aa40c7fd71db9,Circuito Mágico del Agua,Google Maps,en,4,2023-09-16T12:51:25.244Z,It's a nice park but you can visit on your own. Not worth paying for the tour.,negativo,atractivos,estrellas=4 | neg_sutil:not worth | conector:but,0.333,alta
gm_829aa40c7fd71db9,Circuito Mágico del Agua,Google Maps,en,4,2023-09-16T12:51:25.244Z,It's a nice park but you can visit on your own. Not worth paying for the tour.,negativo,costos,estrellas=4 | neg_sutil:not worth | conector:but,0.333,alta
gm_da4fdd0a62ef97d7,Circuito Mágico del Agua,Google Maps,en,5,2022-09-20T10:22:27.381Z,"Amazing IF you plan your trip. This is a wonderful family outing but you need to prepare some things in advance. Have cash and change with you - from paying your entrance, to paying snacks and bouncy castles and other rides for the kids, you want to have cash with you. The area where the park is located, is bit far from the main tourist area, so take a cab that will leave you right at the entrance. Third tip - look on the website in advance, the times of the water show. Even though you will still enjoy the different fountains around the place, do not miss the water show, it lasts 15 minutes and it is absolutely worth it.... ohh and last tip, do not buy churros there!!! For the rest, super fun, families will enjoy it!!",negativo,atractivos,"estrellas=5 | neg_sutil:far from | conector:but,though",0.333,alta
gm_da4fdd0a62ef97d7,Circuito Mágico del Agua,Google Maps,en,5,2022-09-20T10:22:27.381Z,"Amazing IF you plan your trip. This is a wonderful family outing but you need to prepare some things in advance. Have cash and change with you - from paying your entrance, to paying snacks and bouncy castles and other rides for the kids, you want to have cash with you. The area where the park is located, is bit far from the main tourist area, so take a cab that will leave you right at the entrance. Third tip - look on the website in advance, the times of the water show. Even though you will still enjoy the different fountains around the place, do not miss the water show, it lasts 15 minutes and it is absolutely worth it.... ohh and last tip, do not buy churros there!!! For the rest, super fun, families will enjoy it!!",negativo,costos,"estrellas=5 | neg_sutil:far from | conector:but,though",0.333,alta
gm_da4fdd0a62ef97d7,Circuito Mágico del Agua,Google Maps,en,5,2022-09-20T10:22:27.381Z,"Amazing IF you plan your trip. This is a wonderful family outing but you need to prepare some things in advance. Have cash and change with you - from paying your entrance, to paying snacks and bouncy castles and other rides for the kids, you want to have cash with you. The area where the park is located, is bit far from the main tourist area, so take a cab that will leave you right at the entrance. Third tip - look on the website in advance, the times of the water show. Even though you will still enjoy the different fountains around the place, do not miss the water show, it lasts 15 minutes and it is absolutely worth it.... ohh and last tip, do not buy churros there!!! For the rest, super fun, families will enjoy it!!",negativo,accesibilidad,"estrellas=5 | neg_sutil:far from | conector:but,though",0.333,alta
gm_9b82f9bf294f8c95,Ciudadela de Kuélap,Google Maps,en,5,2023-04-10T07:10:03.377Z,"Visited before it closed down last year but the site is breathtaking. Well worth a visit if you get the opportunity. I know quite a few people are disappointed at not being able to get close or into the site but I've travelled a lot less to see a lot less and been happy (Stonehenge is one that springs to mind). Anyway, it's worth the visit even just to stand next to a site older than the Incas in my view!",negativo,atractivos,estrellas=5 | neg_sutil:disappointed | conector:but,0.333,alta
gm_9b82f9bf294f8c95,Ciudadela de Kuélap,Google Maps,en,5,2023-04-10T07:10:03.377Z,"Visited before it closed down last year but the site is breathtaking. Well worth a visit if you get the opportunity. I know quite a few people are disappointed at not being able to get close or into the site but I've travelled a lot less to see a lot less and been happy (Stonehenge is one that springs to mind). Anyway, it's worth the visit even just to stand next to a site older than the Incas in my view!",negativo,costos,estrellas=5 | neg_sutil:disappointed | conector:but,0.333,alta
gm_0473ef87e4c7ac47,Ciudadela de Kuélap,Google Maps,es,5,2025-08-03T23:10:36.782Z,Muy bonito el lugar pero lo tienen abandonado el ministerio,negativo,atractivos,estrellas=5 | neg_sutil:abandonado | conector:pero,0.333,alta
gm_15e645884e85fdef,Ciudadela de Kuélap,Google Maps,es,5,2019-02-05T11:14:50.242Z,"El paisaje es excelente sin duda una fortaleza maravillosa, lastima que ya este muy destruida pero para conocer nuestra historia una experiencia fantástica. Les recomiendo hacerlo con el teleferico.",negativo,atractivos,estrellas=5 | neg_sutil:lastima | conector:pero,0.333,alta
gm_211c08e7e24c19c4,Ciudadela de Kuélap,Google Maps,es,5,2019-09-06T20:26:33.740Z,"Muy bonito lugar, hace un frío terrible y llueve constantemente. Bastante difícil para perdonar muy mayores ya que hay que caminar largos tramos, hay opciones de alquilar caballos también.",negativo,atractivos,estrellas=5 | neg_sutil:,0.333,media
gm_211c08e7e24c19c4,Ciudadela de Kuélap,Google Maps,es,5,2019-09-06T20:26:33.740Z,"Muy bonito lugar, hace un frío terrible y llueve constantemente. Bastante difícil para perdonar muy mayores ya que hay que caminar largos tramos, hay opciones de alquilar caballos también.",negativo,accesibilidad,estrellas=5 | neg_sutil:,0.333,media
gm_49352f4fdbb6f3a1,Ciudadela de Kuélap,Google Maps,es,4,2021-08-15T22:36:44.110Z,"Vista 2019 un lugar hermoso y amplio pero algo abandonado cuando fuimos estaban haciendo reparaciones consultamos y nos dijieron que esas reparaciones estaban así hace años sin terminar. Desde la entrada puedes subir a la ciudadela a pie o a caballo. En la misma ciudadela todo es ordenando y limpio hay tachos por todas partes pero siempre hay una que otra persona que no entiende y ensucia igual. Los únicos baños están en la entrada, así que te recomiendo ir al baño antes de comenzar la caminata",negativo,atractivos,estrellas=4 | neg_sutil:abandonado | conector:pero,0.333,alta
gm_49352f4fdbb6f3a1,Ciudadela de Kuélap,Google Maps,es,4,2021-08-15T22:36:44.110Z,"Vista 2019 un lugar hermoso y amplio pero algo abandonado cuando fuimos estaban haciendo reparaciones consultamos y nos dijieron que esas reparaciones estaban así hace años sin terminar. Desde la entrada puedes subir a la ciudadela a pie o a caballo. En la misma ciudadela todo es ordenando y limpio hay tachos por todas partes pero siempre hay una que otra persona que no entiende y ensucia igual. Los únicos baños están en la entrada, así que te recomiendo ir al baño antes de comenzar la caminata",negativo,costos,estrellas=4 | neg_sutil:abandonado | conector:pero,0.333,alta
gm_49352f4fdbb6f3a1,Ciudadela de Kuélap,Google Maps,es,4,2021-08-15T22:36:44.110Z,"Vista 2019 un lugar hermoso y amplio pero algo abandonado cuando fuimos estaban haciendo reparaciones consultamos y nos dijieron que esas reparaciones estaban así hace años sin terminar. Desde la entrada puedes subir a la ciudadela a pie o a caballo. En la misma ciudadela todo es ordenando y limpio hay tachos por todas partes pero siempre hay una que otra persona que no entiende y ensucia igual. Los únicos baños están en la entrada, así que te recomiendo ir al baño antes de comenzar la caminata",negativo,accesibilidad,estrellas=4 | neg_sutil:abandonado | conector:pero,0.333,alta
gm_a45c74e34411a2e8,Ciudadela de Kuélap,Google Maps,es,3,2019-08-18T02:46:18.922Z,"El recorrido es corto, lamentablemente para la fecha que fui estaban en reestructuración los accesos 1 y 2, parte del recorrido fue algo decepcionante ya que habían tablas y maderas de los lugares a reestructurar, por lo que considero pagar 30 soles el costo de una entrada cuando la fortaleza se encuentra en ese estado no es justo. Deberían informar a los visitantes previo a ello.",negativo,atractivos,estrellas=3 | neg_sutil:decepcionante | conector:lamentablemente,0.333,alta
gm_a45c74e34411a2e8,Ciudadela de Kuélap,Google Maps,es,3,2019-08-18T02:46:18.922Z,"El recorrido es corto, lamentablemente para la fecha que fui estaban en reestructuración los accesos 1 y 2, parte del recorrido fue algo decepcionante ya que habían tablas y maderas de los lugares a reestructurar, por lo que considero pagar 30 soles el costo de una entrada cuando la fortaleza se encuentra en ese estado no es justo. Deberían informar a los visitantes previo a ello.",negativo,costos,estrellas=3 | neg_sutil:decepcionante | conector:lamentablemente,0.333,alta
gm_a45c74e34411a2e8,Ciudadela de Kuélap,Google Maps,es,3,2019-08-18T02:46:18.922Z,"El recorrido es corto, lamentablemente para la fecha que fui estaban en reestructuración los accesos 1 y 2, parte del recorrido fue algo decepcionante ya que habían tablas y maderas de los lugares a reestructurar, por lo que considero pagar 30 soles el costo de una entrada cuando la fortaleza se encuentra en ese estado no es justo. Deberían informar a los visitantes previo a ello.",negativo,accesibilidad,estrellas=3 | neg_sutil:decepcionante | conector:lamentablemente,0.333,alta
gm_af3a03851d65bdf4,Ciudadela de Kuélap,Google Maps,es,4,2019-02-23T14:47:40.202Z,"Muy interesante la cultura, hermoso paisaje, los antiguos si que sabían vivir en comunión con la naturaleza, que lastima que no se puede llegar a la misma por carretera porque el teleférico lo impide, eso debió de hacerse de otra manera, mucha gente desea visitar, pero el acceso no es muy recomendable para cierto tipo de discapacidades, los trabajos de investigación y restauración están muy bien, pero hay otras prioridades, la atención de las agencias de viajes que laboran en Chachapoyas lo único que quieren es lucrar, los restaurantes en Tingo nuevo malos, solo hay uno que recomiendo en la plaza de armas de Tingo Nuevo.",negativo,atractivos,estrellas=4 | neg_sutil:lastima | conector:pero,0.333,alta
gm_af3a03851d65bdf4,Ciudadela de Kuélap,Google Maps,es,4,2019-02-23T14:47:40.202Z,"Muy interesante la cultura, hermoso paisaje, los antiguos si que sabían vivir en comunión con la naturaleza, que lastima que no se puede llegar a la misma por carretera porque el teleférico lo impide, eso debió de hacerse de otra manera, mucha gente desea visitar, pero el acceso no es muy recomendable para cierto tipo de discapacidades, los trabajos de investigación y restauración están muy bien, pero hay otras prioridades, la atención de las agencias de viajes que laboran en Chachapoyas lo único que quieren es lucrar, los restaurantes en Tingo nuevo malos, solo hay uno que recomiendo en la plaza de armas de Tingo Nuevo.",negativo,accesibilidad,estrellas=4 | neg_sutil:lastima | conector:pero,0.333,alta
gm_af3a03851d65bdf4,Ciudadela de Kuélap,Google Maps,es,4,2019-02-23T14:47:40.202Z,"Muy interesante la cultura, hermoso paisaje, los antiguos si que sabían vivir en comunión con la naturaleza, que lastima que no se puede llegar a la misma por carretera porque el teleférico lo impide, eso debió de hacerse de otra manera, mucha gente desea visitar, pero el acceso no es muy recomendable para cierto tipo de discapacidades, los trabajos de investigación y restauración están muy bien, pero hay otras prioridades, la atención de las agencias de viajes que laboran en Chachapoyas lo único que quieren es lucrar, los restaurantes en Tingo nuevo malos, solo hay uno que recomiendo en la plaza de armas de Tingo Nuevo.",negativo,atencion_servicio,estrellas=4 | neg_sutil:lastima | conector:pero,0.333,alta
gm_cbe8e985921d3d46,Ciudadela de Kuélap,Google Maps,es,5,2021-11-22T15:50:25.417Z,"Majestuoso con mucha historia, pero lastimosamente bastante descuidado.",negativo,atractivos,estrellas=5 | neg_sutil:descuidado | conector:pero,0.333,alta
gm_d6b9ebf1618c20a7,Ciudadela de Kuélap,Google Maps,es,5,2024-08-01T16:11:22.863Z,"Hermosa ciudadela con impresionantes murallas. Es lamentable que por falta de mantenimiento se hayan perdido algunas de las murallas, ahora están tratando de recuperarlas, pero el daño podría ser irrecuperable.",negativo,atractivos,estrellas=5 | neg_sutil:lamentable | conector:pero,0.333,alta
gm_0009d0948c762c6d,Complejo Arqueológico Chan Chan,Google Maps,en,4,2026-04-23T12:52:04.476Z,"There is almost no information in English and only little in Spanish, so I didn't really understand anything about the historical culture, but the site was still interesting to see. The museum itself is a bit too little.",negativo,atractivos,estrellas=4 | neg_sutil:no information | conector:but,0.333,alta
gm_0009d0948c762c6d,Complejo Arqueológico Chan Chan,Google Maps,en,4,2026-04-23T12:52:04.476Z,"There is almost no information in English and only little in Spanish, so I didn't really understand anything about the historical culture, but the site was still interesting to see. The museum itself is a bit too little.",negativo,atencion_servicio,estrellas=4 | neg_sutil:no information | conector:but,0.333,alta
gm_6e9b730c6846548c,Complejo Arqueológico Chan Chan,Google Maps,en,4,2023-05-29T00:32:17.145Z,Really interesting site but the lack of information in the museum and in the citadel is a shame. We felt we had to get a guide for 60 soles. The guide was definitely worth it but costly compared with the 10 soles entrance fee for Chan Chan and 10 soles entrance fee to Huaca de la luna which includes a guide.,negativo,atractivos,estrellas=4 | neg_sutil:lack of information | conector:but,0.333,alta
gm_6e9b730c6846548c,Complejo Arqueológico Chan Chan,Google Maps,en,4,2023-05-29T00:32:17.145Z,Really interesting site but the lack of information in the museum and in the citadel is a shame. We felt we had to get a guide for 60 soles. The guide was definitely worth it but costly compared with the 10 soles entrance fee for Chan Chan and 10 soles entrance fee to Huaca de la luna which includes a guide.,negativo,costos,estrellas=4 | neg_sutil:lack of information | conector:but,0.333,alta
gm_6e9b730c6846548c,Complejo Arqueológico Chan Chan,Google Maps,en,4,2023-05-29T00:32:17.145Z,Really interesting site but the lack of information in the museum and in the citadel is a shame. We felt we had to get a guide for 60 soles. The guide was definitely worth it but costly compared with the 10 soles entrance fee for Chan Chan and 10 soles entrance fee to Huaca de la luna which includes a guide.,negativo,accesibilidad,estrellas=4 | neg_sutil:lack of information | conector:but,0.333,alta
gm_1c7b09c12c2a3177,Complejo Arqueológico Chan Chan,Google Maps,es,4,2022-05-16T17:39:15.214Z,"Muy interesante. El museo actualizado. Falta información sobre nuevos hallazgos así como guiados a todos los sitios ofrecidos, me quedé con dos entradas pendientes. Pero el recorrido estuvo muy bonito súper interesante.",negativo,atractivos,estrellas=4 | neg_sutil:falta informacion | conector:pero,0.333,alta
gm_1c7b09c12c2a3177,Complejo Arqueológico Chan Chan,Google Maps,es,4,2022-05-16T17:39:15.214Z,"Muy interesante. El museo actualizado. Falta información sobre nuevos hallazgos así como guiados a todos los sitios ofrecidos, me quedé con dos entradas pendientes. Pero el recorrido estuvo muy bonito súper interesante.",negativo,costos,estrellas=4 | neg_sutil:falta informacion | conector:pero,0.333,alta
gm_1c7b09c12c2a3177,Complejo Arqueológico Chan Chan,Google Maps,es,4,2022-05-16T17:39:15.214Z,"Muy interesante. El museo actualizado. Falta información sobre nuevos hallazgos así como guiados a todos los sitios ofrecidos, me quedé con dos entradas pendientes. Pero el recorrido estuvo muy bonito súper interesante.",negativo,accesibilidad,estrellas=4 | neg_sutil:falta informacion | conector:pero,0.333,alta
gm_a87876dfc36eff68,Complejo Arqueológico Chan Chan,Google Maps,es,5,2021-05-22T21:15:50.390Z,"Es increíble como la pandemia ha golpeado este sector. Sin embargo de a pocos se viene recuperando. Ojalá la afluencia suba de a pocos. Es una pena que las instalaciones no estén abiertas todos los días, así contribuiría a que haya mayor afluencia e ingresos para el personal del museo.",negativo,atractivos,estrellas=5 | neg_sutil:una pena | conector:sin embargo,0.333,alta
gm_a87876dfc36eff68,Complejo Arqueológico Chan Chan,Google Maps,es,5,2021-05-22T21:15:50.390Z,"Es increíble como la pandemia ha golpeado este sector. Sin embargo de a pocos se viene recuperando. Ojalá la afluencia suba de a pocos. Es una pena que las instalaciones no estén abiertas todos los días, así contribuiría a que haya mayor afluencia e ingresos para el personal del museo.",negativo,atencion_servicio,estrellas=5 | neg_sutil:una pena | conector:sin embargo,0.333,alta
gm_c526f3164a3350cd,Complejo Arqueológico Chan Chan,Google Maps,es,4,2022-12-17T23:55:16.359Z,"El museo tiene muchas cosas interesantes sobre el descubrimiento de la ciudadela ,pero es una pena que no exista ni una sola reseña sobre lo que se esta mostrando ,si no vas informado o no pagas un guia simplemente no sabes sobre que trata la exibicion y lo que se muestra . Hay personas que visitan el museo pero no estan en posicion de pagar un guia .",negativo,atractivos,estrellas=4 | neg_sutil:una pena | conector:pero,0.333,alta
gm_c526f3164a3350cd,Complejo Arqueológico Chan Chan,Google Maps,es,4,2022-12-17T23:55:16.359Z,"El museo tiene muchas cosas interesantes sobre el descubrimiento de la ciudadela ,pero es una pena que no exista ni una sola reseña sobre lo que se esta mostrando ,si no vas informado o no pagas un guia simplemente no sabes sobre que trata la exibicion y lo que se muestra . Hay personas que visitan el museo pero no estan en posicion de pagar un guia .",negativo,costos,estrellas=4 | neg_sutil:una pena | conector:pero,0.333,alta
gm_c526f3164a3350cd,Complejo Arqueológico Chan Chan,Google Maps,es,4,2022-12-17T23:55:16.359Z,"El museo tiene muchas cosas interesantes sobre el descubrimiento de la ciudadela ,pero es una pena que no exista ni una sola reseña sobre lo que se esta mostrando ,si no vas informado o no pagas un guia simplemente no sabes sobre que trata la exibicion y lo que se muestra . Hay personas que visitan el museo pero no estan en posicion de pagar un guia .",negativo,atencion_servicio,estrellas=4 | neg_sutil:una pena | conector:pero,0.333,alta
gm_980084510f107f28,Huacas del Sol y de la Luna,Google Maps,en,5,2013-10-03T18:47:18.465Z,"Incredible! Just amazed at how big a lot of Peruvian cultures were, far from popular believe that only Incas dominated the landscape. Note how good the colors are conservated, through thousand years. One thing that caused an impact was AI-APAEC, a Moche god who could transform into a lot of figures, but the fangs were ever there.",negativo,atractivos,estrellas=5 | neg_sutil:far from | conector:but,0.333,alta
gm_02a890827693f1bc,Huacas del Sol y de la Luna,Google Maps,es,5,2019-08-01T19:46:46.432Z,"Excelente lugar para conocer la historia, lástima que haya sido dañado en la época de la llegada de los españoles..pero ha sido y sigue siendo protegida.. Luego de varios años se está recuperando varios nuevos ambientes y seguro en los próximos años aumentarán lo ambientes a recorrer en la visita...antes de la visita a la Huaca se recorre el museo de sitio y allí mismo en la boletería te programan el recorrido a la Huaca..El.museo impacta por la cantidad de artículos impresionantes...Juan Carlos el guía muy bueno en las explicaciones y respuestas durante el recorrido de 1.45 hrs aproximadamente... recomiendo la visita!!",negativo,atractivos,estrellas=5 | neg_sutil:lastima | conector:pero,0.333,alta
gm_02a890827693f1bc,Huacas del Sol y de la Luna,Google Maps,es,5,2019-08-01T19:46:46.432Z,"Excelente lugar para conocer la historia, lástima que haya sido dañado en la época de la llegada de los españoles..pero ha sido y sigue siendo protegida.. Luego de varios años se está recuperando varios nuevos ambientes y seguro en los próximos años aumentarán lo ambientes a recorrer en la visita...antes de la visita a la Huaca se recorre el museo de sitio y allí mismo en la boletería te programan el recorrido a la Huaca..El.museo impacta por la cantidad de artículos impresionantes...Juan Carlos el guía muy bueno en las explicaciones y respuestas durante el recorrido de 1.45 hrs aproximadamente... recomiendo la visita!!",negativo,accesibilidad,estrellas=5 | neg_sutil:lastima | conector:pero,0.333,alta
gm_02a890827693f1bc,Huacas del Sol y de la Luna,Google Maps,es,5,2019-08-01T19:46:46.432Z,"Excelente lugar para conocer la historia, lástima que haya sido dañado en la época de la llegada de los españoles..pero ha sido y sigue siendo protegida.. Luego de varios años se está recuperando varios nuevos ambientes y seguro en los próximos años aumentarán lo ambientes a recorrer en la visita...antes de la visita a la Huaca se recorre el museo de sitio y allí mismo en la boletería te programan el recorrido a la Huaca..El.museo impacta por la cantidad de artículos impresionantes...Juan Carlos el guía muy bueno en las explicaciones y respuestas durante el recorrido de 1.45 hrs aproximadamente... recomiendo la visita!!",negativo,atencion_servicio,estrellas=5 | neg_sutil:lastima | conector:pero,0.333,alta
gm_0868b1f21ac4e96d,Huacas del Sol y de la Luna,Google Maps,es,5,2021-01-30T02:24:25.810Z,"El museo y la misma Huaca son muy interesantes. El lugar está además bien cuidado, con kiosko, baños muy limpios y venta de recuerdos. El servicio de guía se paga aparte pero vale la pena. Es una pena que vengan tan pocos turistas a conocer, no saben lo que se pierden.",negativo,atractivos,estrellas=5 | neg_sutil:una pena | conector:pero,0.333,alta
gm_0868b1f21ac4e96d,Huacas del Sol y de la Luna,Google Maps,es,5,2021-01-30T02:24:25.810Z,"El museo y la misma Huaca son muy interesantes. El lugar está además bien cuidado, con kiosko, baños muy limpios y venta de recuerdos. El servicio de guía se paga aparte pero vale la pena. Es una pena que vengan tan pocos turistas a conocer, no saben lo que se pierden.",negativo,costos,estrellas=5 | neg_sutil:una pena | conector:pero,0.333,alta
gm_0868b1f21ac4e96d,Huacas del Sol y de la Luna,Google Maps,es,5,2021-01-30T02:24:25.810Z,"El museo y la misma Huaca son muy interesantes. El lugar está además bien cuidado, con kiosko, baños muy limpios y venta de recuerdos. El servicio de guía se paga aparte pero vale la pena. Es una pena que vengan tan pocos turistas a conocer, no saben lo que se pierden.",negativo,atencion_servicio,estrellas=5 | neg_sutil:una pena | conector:pero,0.333,alta
gm_52d07f1f8c56aa18,Huacas del Sol y de la Luna,Google Maps,es,5,2019-03-09T20:17:02.726Z,"Lugar increíble que te hace sentir la historia en carne viva, es genial imaginar lo que significaban estos templos para la antigua cultura moche, un lugar lleno de vellesa histórica, lástima que sólo se puede visitar el sitio con guía y con un recorrido preestablecido, pero tiempo al tiempo pues los trabajos de imbestigacion en el lugar aún continúan, esperemos que nos rebelen mucho más de esta increible cultura, el centro arqueologico cue ta con los servicios bacicos, si te encuentras por la ciudad no dudes en visitar este increíble lugar, locomoción publica desde y hacia el centro de la ciudad.",negativo,atractivos,estrellas=5 | neg_sutil:lastima | conector:pero,0.333,alta
gm_52d07f1f8c56aa18,Huacas del Sol y de la Luna,Google Maps,es,5,2019-03-09T20:17:02.726Z,"Lugar increíble que te hace sentir la historia en carne viva, es genial imaginar lo que significaban estos templos para la antigua cultura moche, un lugar lleno de vellesa histórica, lástima que sólo se puede visitar el sitio con guía y con un recorrido preestablecido, pero tiempo al tiempo pues los trabajos de imbestigacion en el lugar aún continúan, esperemos que nos rebelen mucho más de esta increible cultura, el centro arqueologico cue ta con los servicios bacicos, si te encuentras por la ciudad no dudes en visitar este increíble lugar, locomoción publica desde y hacia el centro de la ciudad.",negativo,atencion_servicio,estrellas=5 | neg_sutil:lastima | conector:pero,0.333,alta
gm_f5a7e823aa868b05,Huacas del Sol y de la Luna,Google Maps,es,5,2021-12-22T19:41:19.597Z,"Hermoso lugar. Lástima que llegamos en pleno mantenimiento, pero igual se pudo disfrutar de un poco de historia.",negativo,atractivos,estrellas=5 | neg_sutil:lastima | conector:pero,0.333,alta
gm_f5a7e823aa868b05,Huacas del Sol y de la Luna,Google Maps,es,5,2021-12-22T19:41:19.597Z,"Hermoso lugar. Lástima que llegamos en pleno mantenimiento, pero igual se pudo disfrutar de un poco de historia.",negativo,accesibilidad,estrellas=5 | neg_sutil:lastima | conector:pero,0.333,alta
gm_3f840d8a73cb68c7,Líneas y Geoglifos de Nasca y Palpa,Google Maps,en,4,2024-10-08T17:00:55.313Z,"I didn't take the flight, I only saw from the viewing platforms and I would say it's not worth going out of your way for. But since you're likely to drive right past, it's worth a stop and a few dollars to view from the platforms.",negativo,atractivos,estrellas=4 | neg_sutil:not worth | conector:but,0.333,alta
gm_3f840d8a73cb68c7,Líneas y Geoglifos de Nasca y Palpa,Google Maps,en,4,2024-10-08T17:00:55.313Z,"I didn't take the flight, I only saw from the viewing platforms and I would say it's not worth going out of your way for. But since you're likely to drive right past, it's worth a stop and a few dollars to view from the platforms.",negativo,costos,estrellas=4 | neg_sutil:not worth | conector:but,0.333,alta
gm_9f23d3b2e69b5496,Líneas y Geoglifos de Nasca y Palpa,Google Maps,en,4,2016-07-15T08:27:36.297Z,A little overrated but still... it is history.,negativo,atractivos,estrellas=4 | neg_sutil:overrated | conector:but,0.333,alta
gm_df99ee222438b0a1,Líneas y Geoglifos de Nasca y Palpa,Google Maps,en,3,2017-01-21T10:59:41.907Z,"A bit disappointing. The panamericana (the highway) ruins quite a few spots and to see all the figures (the lines aren't really that interesting) you need to travel quite a bit. We used just the observation towers and the distance and the haze makes experiencing it quite hard. Obviously getting a small plane to show you the figures is the other alternative, which we didn't do. I was hoping the museum (Maria Reiche) would give us mire insight, but that is more about her life and less about the lines...",negativo,atractivos,estrellas=3 | neg_sutil:disappointing | conector:but,0.333,alta
gm_df99ee222438b0a1,Líneas y Geoglifos de Nasca y Palpa,Google Maps,en,3,2017-01-21T10:59:41.907Z,"A bit disappointing. The panamericana (the highway) ruins quite a few spots and to see all the figures (the lines aren't really that interesting) you need to travel quite a bit. We used just the observation towers and the distance and the haze makes experiencing it quite hard. Obviously getting a small plane to show you the figures is the other alternative, which we didn't do. I was hoping the museum (Maria Reiche) would give us mire insight, but that is more about her life and less about the lines...",negativo,accesibilidad,estrellas=3 | neg_sutil:disappointing | conector:but,0.333,alta
gm_1a51c904b16de168,Líneas y Geoglifos de Nasca y Palpa,Google Maps,es,5,2023-01-22T22:30:11.176Z,"Lamentable ..... Pero siendo un lugar cultural para visitar , esté de lado por la situación de protestas en la que estamos viviendo en nuestro país que está afectando el turismo en Nasca y a nivel nacional .... Esperemos se solucione pronto todo éste malestar y seamos parte de una solucion democrática que ayude a k progreso de nuestro país y de nuestras familias .... No al atraso !!!;",negativo,atractivos,estrellas=5 | neg_sutil:lamentable | conector:pero,0.333,alta
gm_1a51c904b16de168,Líneas y Geoglifos de Nasca y Palpa,Google Maps,es,5,2023-01-22T22:30:11.176Z,"Lamentable ..... Pero siendo un lugar cultural para visitar , esté de lado por la situación de protestas en la que estamos viviendo en nuestro país que está afectando el turismo en Nasca y a nivel nacional .... Esperemos se solucione pronto todo éste malestar y seamos parte de una solucion democrática que ayude a k progreso de nuestro país y de nuestras familias .... No al atraso !!!;",negativo,atencion_servicio,estrellas=5 | neg_sutil:lamentable | conector:pero,0.333,alta
gm_aff4772fff7da791,Museo Tumbas Reales del Señor de Sipán,Google Maps,en,5,2023-01-20T16:34:46.679Z,"Beautiful museum, with amazing exhibits, really enjoyed, paid extra for a guided tour, but unfortunately the English speaking guide, spoke hardly any English. Very few of the exhibits had English explanations. But I still enjoyed my time here",negativo,atractivos,"estrellas=5 | neg_sutil:hardly any | conector:unfortunately,but",0.333,alta
gm_aff4772fff7da791,Museo Tumbas Reales del Señor de Sipán,Google Maps,en,5,2023-01-20T16:34:46.679Z,"Beautiful museum, with amazing exhibits, really enjoyed, paid extra for a guided tour, but unfortunately the English speaking guide, spoke hardly any English. Very few of the exhibits had English explanations. But I still enjoyed my time here",negativo,costos,"estrellas=5 | neg_sutil:hardly any | conector:unfortunately,but",0.333,alta
gm_aff4772fff7da791,Museo Tumbas Reales del Señor de Sipán,Google Maps,en,5,2023-01-20T16:34:46.679Z,"Beautiful museum, with amazing exhibits, really enjoyed, paid extra for a guided tour, but unfortunately the English speaking guide, spoke hardly any English. Very few of the exhibits had English explanations. But I still enjoyed my time here",negativo,atencion_servicio,"estrellas=5 | neg_sutil:hardly any | conector:unfortunately,but",0.333,alta
gm_15fa82a0537d0eb2,Museo Tumbas Reales del Señor de Sipán,Google Maps,es,5,2018-10-20T21:58:23.663Z,Muy bonito e interesante sobre todo cuando es guiado lástima no se pueda tomar fotos pero es por la seguridad del museo.,negativo,atractivos,estrellas=5 | neg_sutil:lastima | conector:pero,0.333,alta
gm_15fa82a0537d0eb2,Museo Tumbas Reales del Señor de Sipán,Google Maps,es,5,2018-10-20T21:58:23.663Z,Muy bonito e interesante sobre todo cuando es guiado lástima no se pueda tomar fotos pero es por la seguridad del museo.,negativo,atencion_servicio,estrellas=5 | neg_sutil:lastima | conector:pero,0.333,alta
gm_1c674655538859a2,Museo Tumbas Reales del Señor de Sipán,Google Maps,es,5,2024-11-08T01:08:14.832Z,"Bonito museo. Lástima que no se puede tomar foto, pero creo que es lo mejor para que no se deteriore más rápido la infraestructura.",negativo,atractivos,estrellas=5 | neg_sutil:lastima | conector:pero,0.333,alta
gm_357a02547d2505c8,Museo Tumbas Reales del Señor de Sipán,Google Maps,es,4,2023-08-10T21:24:54.134Z,"Muy bonito pero falta mantenimiento, pues hay varias luces o luminarias malogradas.",negativo,atractivos,estrellas=4 | neg_sutil:falta mantenimiento | conector:pero,0.333,alta
gm_561268bae3606679,Museo Tumbas Reales del Señor de Sipán,Google Maps,es,4,2018-03-03T05:18:28.439Z,"Fuimos hace 4 años y fue impresionante, sin embargo después de este tiempo hemos visto q está algo descuidado y no ha mejorado en nada, sin embargo sigue siendo uno de los museos más importantes del mundo. Tiene mucho para mejorar.",negativo,atractivos,estrellas=4 | neg_sutil:descuidado | conector:sin embargo,0.333,alta
gm_78d7813ae5d67db9,Museo Tumbas Reales del Señor de Sipán,Google Maps,es,4,2022-06-27T18:31:02.122Z,Bien museo pero está un poco descuidado estos días. Las personas que venden recuerdos a la salida pueden ser un poco molestas por su insistencia. Lo ideal es contar con un guía que oriente la visita,negativo,atractivos,estrellas=4 | neg_sutil:descuidado | conector:pero,0.333,alta
gm_78d7813ae5d67db9,Museo Tumbas Reales del Señor de Sipán,Google Maps,es,4,2022-06-27T18:31:02.122Z,Bien museo pero está un poco descuidado estos días. Las personas que venden recuerdos a la salida pueden ser un poco molestas por su insistencia. Lo ideal es contar con un guía que oriente la visita,negativo,accesibilidad,estrellas=4 | neg_sutil:descuidado | conector:pero,0.333,alta
gm_78d7813ae5d67db9,Museo Tumbas Reales del Señor de Sipán,Google Maps,es,4,2022-06-27T18:31:02.122Z,Bien museo pero está un poco descuidado estos días. Las personas que venden recuerdos a la salida pueden ser un poco molestas por su insistencia. Lo ideal es contar con un guía que oriente la visita,negativo,atencion_servicio,estrellas=4 | neg_sutil:descuidado | conector:pero,0.333,alta
gm_7cc771cf7df556df,Museo Tumbas Reales del Señor de Sipán,Google Maps,es,5,2020-02-18T23:31:54.871Z,Espectacular!!! Lástima que no se pueda tomar fotos!! Pero todo es tan bello,negativo,atractivos,estrellas=5 | neg_sutil:lastima | conector:pero,0.333,alta
gm_977f571bf2792245,Museo Tumbas Reales del Señor de Sipán,Google Maps,es,5,2019-01-25T04:14:49.605Z,"Hermoso, lleno de mística e imponente, lastima que no se puedan tomar fotografías dentro del museo, pero es una experiencia inolvidable.",negativo,atractivos,estrellas=5 | neg_sutil:lastima | conector:pero,0.333,alta
gm_ec9548258c053095,Museo Tumbas Reales del Señor de Sipán,Google Maps,es,4,2019-02-01T12:00:04.535Z,"Es un lugar espectacular, tiene bien definido el concepto del museo. Te asombra mucho el ver las joyas reales. Lo recomiendo. Somo que debe mejorar, la iluminacion; el concepto oscufo tiene un fin, pero al menos que la señalizacion sea buena tambien que el aire acondicionado sea constante. Las luminarias de los objetos mostrados dejan mucho que desear, mejorar",negativo,atractivos,estrellas=4 | neg_sutil:dejan mucho que desear | conector:pero,0.333,alta
gm_ec9548258c053095,Museo Tumbas Reales del Señor de Sipán,Google Maps,es,4,2019-02-01T12:00:04.535Z,"Es un lugar espectacular, tiene bien definido el concepto del museo. Te asombra mucho el ver las joyas reales. Lo recomiendo. Somo que debe mejorar, la iluminacion; el concepto oscufo tiene un fin, pero al menos que la señalizacion sea buena tambien que el aire acondicionado sea constante. Las luminarias de los objetos mostrados dejan mucho que desear, mejorar",negativo,accesibilidad,estrellas=4 | neg_sutil:dejan mucho que desear | conector:pero,0.333,alta
gm_f77380923d8d600a,Museo Tumbas Reales del Señor de Sipán,Google Maps,es,5,2021-03-08T01:35:28.284Z,"Muy interesante la colección, pero es una pena que no dejen sacar fotografías. Aviso a los visitantes: no es posible el ingreso con cámaras fotográficas NI TELÉFONOS CELULARES, todas estas pertenencias deben ser dejadas en guarda previo a la entrada. The collection is very interesting, but it is a pity that they do not allow taking pictures. Notice to visitors: it is not possible to enter with cameras OR CELLULAR TELEPHONES, all these belongings must be left in custody prior to entry.",negativo,atractivos,"estrellas=5 | neg_sutil:una pena | conector:pero,but",0.333,alta
gm_f77380923d8d600a,Museo Tumbas Reales del Señor de Sipán,Google Maps,es,5,2021-03-08T01:35:28.284Z,"Muy interesante la colección, pero es una pena que no dejen sacar fotografías. Aviso a los visitantes: no es posible el ingreso con cámaras fotográficas NI TELÉFONOS CELULARES, todas estas pertenencias deben ser dejadas en guarda previo a la entrada. The collection is very interesting, but it is a pity that they do not allow taking pictures. Notice to visitors: it is not possible to enter with cameras OR CELLULAR TELEPHONES, all these belongings must be left in custody prior to entry.",negativo,costos,"estrellas=5 | neg_sutil:una pena | conector:pero,but",0.333,alta
gm_c5453b97f881e095,Museo de Sitio Huaca Pucllana,Google Maps,en,4,2018-05-11T14:01:23.046Z,"This can definitely be missed if you don't have time or care about history. Still very interesting to see how Adobe mud bricks were made and millions of them form this flat top pyramid. The tour isn't that exciting, seems very scripted, don't expect answers to anything beyond the script. Life size figurines recreate scenes of the past. I bet Miraflores was beautiful before the concrete jungle sporuted up and stole the life of the land. Not sure I'm a fan of the animals there, but at least they're alive. Definitely see this Before Machu Picchu.. if you come here after, you'll be disappointed (as the tourists next to me were).",negativo,atractivos,estrellas=4 | neg_sutil:disappointed | conector:but,0.333,alta
gm_c9897330cb862f20,Museo de Sitio Huaca Pucllana,Google Maps,en,4,2019-05-16T20:39:09.592Z,"Nice history, but the fact that it's constructed feels disappointing",negativo,atractivos,estrellas=4 | neg_sutil:disappointing | conector:but,0.333,alta
gm_c9897330cb862f20,Museo de Sitio Huaca Pucllana,Google Maps,en,4,2019-05-16T20:39:09.592Z,"Nice history, but the fact that it's constructed feels disappointing",negativo,costos,estrellas=4 | neg_sutil:disappointing | conector:but,0.333,alta
gm_e0f9c8918824287f,Museo de Sitio Huaca Pucllana,Google Maps,en,4,2025-09-12T17:58:42.861Z,"The site is definitely worth visiting. It is very impressive. Sadly, we were forced to join a tour instead of walking at our own pace, and the tour felt very rushed. There was never time to just appreciate the site, but instead we had to strictly follow the tour guide or we would miss half of the information. Furthermore, the tour guide's accent and fast pace made it difficult to understand much of their commentary.",negativo,atractivos,estrellas=4 | neg_sutil:forced to | conector:but,0.333,alta
gm_e0f9c8918824287f,Museo de Sitio Huaca Pucllana,Google Maps,en,4,2025-09-12T17:58:42.861Z,"The site is definitely worth visiting. It is very impressive. Sadly, we were forced to join a tour instead of walking at our own pace, and the tour felt very rushed. There was never time to just appreciate the site, but instead we had to strictly follow the tour guide or we would miss half of the information. Furthermore, the tour guide's accent and fast pace made it difficult to understand much of their commentary.",negativo,costos,estrellas=4 | neg_sutil:forced to | conector:but,0.333,alta
gm_e0f9c8918824287f,Museo de Sitio Huaca Pucllana,Google Maps,en,4,2025-09-12T17:58:42.861Z,"The site is definitely worth visiting. It is very impressive. Sadly, we were forced to join a tour instead of walking at our own pace, and the tour felt very rushed. There was never time to just appreciate the site, but instead we had to strictly follow the tour guide or we would miss half of the information. Furthermore, the tour guide's accent and fast pace made it difficult to understand much of their commentary.",negativo,accesibilidad,estrellas=4 | neg_sutil:forced to | conector:but,0.333,alta
gm_fbab20b27a8ee648,Museo de Sitio Huaca Pucllana,Google Maps,en,4,2017-07-14T22:01:26.024Z,"Too bad that you're no longer visiting the site on your own! A tour guide must be assigned either in Spanish or English. Tour guide is limited in explaining the Archeology of the site, the history of human sacrifices that was found at the site. A little bit disappointed, but overall it's an interesting experience.",negativo,atractivos,estrellas=4 | neg_sutil:disappointed | conector:but,0.333,alta
gm_fbab20b27a8ee648,Museo de Sitio Huaca Pucllana,Google Maps,en,4,2017-07-14T22:01:26.024Z,"Too bad that you're no longer visiting the site on your own! A tour guide must be assigned either in Spanish or English. Tour guide is limited in explaining the Archeology of the site, the history of human sacrifices that was found at the site. A little bit disappointed, but overall it's an interesting experience.",negativo,costos,estrellas=4 | neg_sutil:disappointed | conector:but,0.333,alta
gm_fbab20b27a8ee648,Museo de Sitio Huaca Pucllana,Google Maps,en,4,2017-07-14T22:01:26.024Z,"Too bad that you're no longer visiting the site on your own! A tour guide must be assigned either in Spanish or English. Tour guide is limited in explaining the Archeology of the site, the history of human sacrifices that was found at the site. A little bit disappointed, but overall it's an interesting experience.",negativo,atencion_servicio,estrellas=4 | neg_sutil:disappointed | conector:but,0.333,alta
gm_b73d85925539d12b,Parque Arqueológico de Sacsayhuamán,Google Maps,en,4,2026-04-26T03:10:57.459Z,"This place is beautiful and precious, it's a UNESCO World Heritage Site for sure. Unfortunately, there was a bummer, there was no guided tours offered by the museum. There were no information panels on the grounds, except for two or three at the entrance. A map of the site, which we were given upon request, contained virtually no information, but advertisements for other museums in Cusco. For the 70 PEN entrance fee, Guests could expect a bit more effort. You should definitely hire a guide to understand everything that's to discover.",negativo,atractivos,"estrellas=4 | neg_sutil:no information | conector:unfortunately,but",0.333,alta
gm_b73d85925539d12b,Parque Arqueológico de Sacsayhuamán,Google Maps,en,4,2026-04-26T03:10:57.459Z,"This place is beautiful and precious, it's a UNESCO World Heritage Site for sure. Unfortunately, there was a bummer, there was no guided tours offered by the museum. There were no information panels on the grounds, except for two or three at the entrance. A map of the site, which we were given upon request, contained virtually no information, but advertisements for other museums in Cusco. For the 70 PEN entrance fee, Guests could expect a bit more effort. You should definitely hire a guide to understand everything that's to discover.",negativo,costos,"estrellas=4 | neg_sutil:no information | conector:unfortunately,but",0.333,alta
gm_b73d85925539d12b,Parque Arqueológico de Sacsayhuamán,Google Maps,en,4,2026-04-26T03:10:57.459Z,"This place is beautiful and precious, it's a UNESCO World Heritage Site for sure. Unfortunately, there was a bummer, there was no guided tours offered by the museum. There were no information panels on the grounds, except for two or three at the entrance. A map of the site, which we were given upon request, contained virtually no information, but advertisements for other museums in Cusco. For the 70 PEN entrance fee, Guests could expect a bit more effort. You should definitely hire a guide to understand everything that's to discover.",negativo,accesibilidad,"estrellas=4 | neg_sutil:no information | conector:unfortunately,but",0.333,alta
gm_bcdbfc2a889c6aa0,Parque Arqueológico de Sacsayhuamán,Google Maps,en,5,2018-11-11T02:25:43.754Z,"Beautiful and extensive ruins just outside of Cusco city center. Walls are made of beautiful huge boulders fitted perfectly together and the lookout has amazing views of the city. Leila and I walked up here after a walking tour dropped us off not far from the final climb. It was and unexpectedly hot and sunny day, and the altitude still makes climbing hard. But it was worth the climb",negativo,atractivos,estrellas=5 | neg_sutil:far from | conector:but,0.333,alta
gm_bcdbfc2a889c6aa0,Parque Arqueológico de Sacsayhuamán,Google Maps,en,5,2018-11-11T02:25:43.754Z,"Beautiful and extensive ruins just outside of Cusco city center. Walls are made of beautiful huge boulders fitted perfectly together and the lookout has amazing views of the city. Leila and I walked up here after a walking tour dropped us off not far from the final climb. It was and unexpectedly hot and sunny day, and the altitude still makes climbing hard. But it was worth the climb",negativo,accesibilidad,estrellas=5 | neg_sutil:far from | conector:but,0.333,alta
gm_e63147b83898df9d,Parque Arqueológico de Sacsayhuamán,Google Maps,en,4,2025-01-17T00:02:37.448Z,Impressive site but essentially no information. We hired a guide for 70k but of course your mileage may vary. Walk there is moderately strenuous but the views of the city are good.,negativo,atractivos,estrellas=4 | neg_sutil:no information | conector:but,0.333,alta
gm_e63147b83898df9d,Parque Arqueológico de Sacsayhuamán,Google Maps,en,4,2025-01-17T00:02:37.448Z,Impressive site but essentially no information. We hired a guide for 70k but of course your mileage may vary. Walk there is moderately strenuous but the views of the city are good.,negativo,accesibilidad,estrellas=4 | neg_sutil:no information | conector:but,0.333,alta
gm_e63147b83898df9d,Parque Arqueológico de Sacsayhuamán,Google Maps,en,4,2025-01-17T00:02:37.448Z,Impressive site but essentially no information. We hired a guide for 70k but of course your mileage may vary. Walk there is moderately strenuous but the views of the city are good.,negativo,atencion_servicio,estrellas=4 | neg_sutil:no information | conector:but,0.333,alta
gm_111e0e3fc741bd64,Parque Nacional Huascarán,Google Maps,es,5,2019-04-09T22:36:40.556Z,Terrible caminata para llegar a un lugar soñado,negativo,accesibilidad,estrellas=5 | neg_sutil:,0.333,media
gm_134a341456b383ec,Parque Nacional Huascarán,Google Maps,es,5,2018-09-05T03:40:09.062Z,Las ruinas están en muy mal estado de conservación pero las vistas del lago desde lo alto de la colina son excepcionales.,negativo,atractivos,estrellas=5 | neg_sutil:mal estado | conector:pero,0.333,alta
gm_24b665af89049e51,Reserva Nacional de Paracas,Google Maps,es,4,2016-07-05T12:50:38.470Z,"Buenas playas y mar muy tranquilo. Si lo deseas puedes ir a las islas a buscar a los lobos de mar. Como reserva está muy bien cuidada aunque deberían mejorar los accesos a las playas, que son el motivo por el cual la mayoría ingresa y que le dan la una buena parte de sus ingresos a la reserva.",negativo,atractivos,estrellas=4 | neg_sutil:deberian mejorar | conector:aunque,0.333,alta
gm_24b665af89049e51,Reserva Nacional de Paracas,Google Maps,es,4,2016-07-05T12:50:38.470Z,"Buenas playas y mar muy tranquilo. Si lo deseas puedes ir a las islas a buscar a los lobos de mar. Como reserva está muy bien cuidada aunque deberían mejorar los accesos a las playas, que son el motivo por el cual la mayoría ingresa y que le dan la una buena parte de sus ingresos a la reserva.",negativo,accesibilidad,estrellas=4 | neg_sutil:deberian mejorar | conector:aunque,0.333,alta
gm_82acdf5c13cf4a00,Reserva Nacional de Paracas,Google Maps,es,5,2021-08-10T17:11:28.642Z,"Una de las hermosas playas que conozco, gracias a la reserva se mantiene bien limpia aunque lastima q los humanos no tenemos los valores de la Limpieza pero lo cuidan mucho, solo sería bueno más tachos para los residuos e iluminación para apreciar un hermoso atardecer",negativo,atractivos,"estrellas=5 | neg_sutil:lastima | conector:pero,aunque",0.333,alta
gm_2f16aeb5b7da8fa8,Santuario Arqueológico de Pachacámac,Google Maps,es,5,2025-06-02T18:25:10.008Z,"El lugar es simplemente espectacular, un 15 de 10 sin duda. La vista, la historia y la energía que se siente ahí son incomparables. Es un sitio que recomendaría visitar al 100%, realmente vale la pena. Sin embargo, tuvimos una mala experiencia en la tienda de recuerdos. Las señoras que atienden se negaron a darnos precios y prácticamente nos ignoraron, mientras que a unos turistas estadounidenses sí los atendieron con toda la amabilidad. A pesar de que mostrábamos interés en comprar, no recibimos ni la más mínima atención. Una pena que un lugar tan increíble se vea opacado por ese tipo de actitudes. Ojalá puedan mejorar ese aspecto, porque el sitio lo merece.",negativo,atractivos,estrellas=5 | neg_sutil:una pena | conector:sin embargo,0.333,alta
gm_2f16aeb5b7da8fa8,Santuario Arqueológico de Pachacámac,Google Maps,es,5,2025-06-02T18:25:10.008Z,"El lugar es simplemente espectacular, un 15 de 10 sin duda. La vista, la historia y la energía que se siente ahí son incomparables. Es un sitio que recomendaría visitar al 100%, realmente vale la pena. Sin embargo, tuvimos una mala experiencia en la tienda de recuerdos. Las señoras que atienden se negaron a darnos precios y prácticamente nos ignoraron, mientras que a unos turistas estadounidenses sí los atendieron con toda la amabilidad. A pesar de que mostrábamos interés en comprar, no recibimos ni la más mínima atención. Una pena que un lugar tan increíble se vea opacado por ese tipo de actitudes. Ojalá puedan mejorar ese aspecto, porque el sitio lo merece.",negativo,costos,estrellas=5 | neg_sutil:una pena | conector:sin embargo,0.333,alta
gm_2f16aeb5b7da8fa8,Santuario Arqueológico de Pachacámac,Google Maps,es,5,2025-06-02T18:25:10.008Z,"El lugar es simplemente espectacular, un 15 de 10 sin duda. La vista, la historia y la energía que se siente ahí son incomparables. Es un sitio que recomendaría visitar al 100%, realmente vale la pena. Sin embargo, tuvimos una mala experiencia en la tienda de recuerdos. Las señoras que atienden se negaron a darnos precios y prácticamente nos ignoraron, mientras que a unos turistas estadounidenses sí los atendieron con toda la amabilidad. A pesar de que mostrábamos interés en comprar, no recibimos ni la más mínima atención. Una pena que un lugar tan increíble se vea opacado por ese tipo de actitudes. Ojalá puedan mejorar ese aspecto, porque el sitio lo merece.",negativo,atencion_servicio,estrellas=5 | neg_sutil:una pena | conector:sin embargo,0.333,alta
gm_7b82090130e618d5,Santuario Arqueológico de Pachacámac,Google Maps,es,5,2019-10-14T00:54:09.046Z,"Si bien no tuvimos la suerte de contar con un buen guia, se puede apreciar el santuario. Llama la atencion, si bien se comprende porque no habia cerca, porque fue construido en barro. Pero hay historia. Lastima que el hombre y la lluvia lo destruyen lentamente...",negativo,atractivos,estrellas=5 | neg_sutil:lastima | conector:pero,0.333,alta
gm_7b82090130e618d5,Santuario Arqueológico de Pachacámac,Google Maps,es,5,2019-10-14T00:54:09.046Z,"Si bien no tuvimos la suerte de contar con un buen guia, se puede apreciar el santuario. Llama la atencion, si bien se comprende porque no habia cerca, porque fue construido en barro. Pero hay historia. Lastima que el hombre y la lluvia lo destruyen lentamente...",negativo,atencion_servicio,estrellas=5 | neg_sutil:lastima | conector:pero,0.333,alta
gm_a048ab5fa29fd6fe,Santuario Arqueológico de Pachacámac,Google Maps,es,4,2019-08-04T07:15:17.321Z,"Merecería 5 estrellas, pero falta información en la taquilla, por lo demás todo fantástico, hubo la suerte de tener una guía muy amable y con conocimiento, es un lugar que invita a repetir la experiencia, por mi parte recomendaría en verano, para poder apreciar mejores vistas",negativo,atractivos,estrellas=4 | neg_sutil:falta informacion | conector:pero,0.333,alta
gm_a048ab5fa29fd6fe,Santuario Arqueológico de Pachacámac,Google Maps,es,4,2019-08-04T07:15:17.321Z,"Merecería 5 estrellas, pero falta información en la taquilla, por lo demás todo fantástico, hubo la suerte de tener una guía muy amable y con conocimiento, es un lugar que invita a repetir la experiencia, por mi parte recomendaría en verano, para poder apreciar mejores vistas",negativo,atencion_servicio,estrellas=4 | neg_sutil:falta informacion | conector:pero,0.333,alta
gm_c9bdc856570bd565,Santuario Arqueológico de Pachacámac,Google Maps,es,4,2025-10-04T23:16:57.928Z,"Me gustó. Lamentablemente, a mí juicio, hay poca información en circuito. Pero muy buen sitio arqueológico",negativo,atractivos,"estrellas=4 | neg_sutil:poca informacion | conector:pero,lamentablemente",0.333,alta
gm_c9bdc856570bd565,Santuario Arqueológico de Pachacámac,Google Maps,es,4,2025-10-04T23:16:57.928Z,"Me gustó. Lamentablemente, a mí juicio, hay poca información en circuito. Pero muy buen sitio arqueológico",negativo,atencion_servicio,"estrellas=4 | neg_sutil:poca informacion | conector:pero,lamentablemente",0.333,alta
gm_1d4d56aa0fc3b47a,Sitio Arqueológico de Ollantaytambo,Google Maps,en,5,2026-01-11T22:01:02.152Z,"Loved this place. Not too busy, plenty to see, quite disappointed a path off along the valley was closed, but still a big site",negativo,atractivos,estrellas=5 | neg_sutil:disappointed | conector:but,0.333,alta
gm_1d4d56aa0fc3b47a,Sitio Arqueológico de Ollantaytambo,Google Maps,en,5,2026-01-11T22:01:02.152Z,"Loved this place. Not too busy, plenty to see, quite disappointed a path off along the valley was closed, but still a big site",negativo,accesibilidad,estrellas=5 | neg_sutil:disappointed | conector:but,0.333,alta
